Week,sumweeklydeath,sumweeklycase,countriesAndTerritories,popData2020,secDoseAdministered
41,73,14200,Austria,8901064,29521
40,71,12537,Austria,8901064,30828
39,49,12647,Austria,8901064,26101
38,66,11741,Austria,8901064,25266
37,41,14205,Austria,8901064,27431
36,39,13919,Austria,8901064,24737
35,28,10664,Austria,8901064,29783
34,17,9210,Austria,8901064,39122
33,5,7552,Austria,8901064,86258
32,8,5251,Austria,8901064,119166
31,9,3460,Austria,8901064,179536
30,5,3151,Austria,8901064,221639
29,1,2516,Austria,8901064,263398
28,4,1898,Austria,8901064,301770
27,5,591,Austria,8901064,336820
26,9,641,Austria,8901064,414688
25,11,801,Austria,8901064,397521
24,19,742,Austria,8901064,337882
23,24,1932,Austria,8901064,335925
22,32,2267,Austria,8901064,267993
21,50,3301,Austria,8901064,232303
20,59,4463,Austria,8901064,178624
19,83,6331,Austria,8901064,104015
18,135,9453,Austria,8901064,116854
17,144,13195,Austria,8901064,68142
16,175,15318,Austria,8901064,59507
15,196,16296,Austria,8901064,96980
14,217,19309,Austria,8901064,136949
13,199,21652,Austria,8901064,80547
12,173,22100,Austria,8901064,92827
11,184,20737,Austria,8901064,47576
10,152,18468,Austria,8901064,30555
41,86,22744,Belgium,11522440,19566
40,65,14821,Belgium,11522440,17579
39,60,13289,Belgium,11522440,25643
38,54,13616,Belgium,11522440,26188
37,44,14447,Belgium,11522440,26857
36,52,13734,Belgium,11522440,29592
35,46,13750,Belgium,11522440,41381
34,35,14104,Belgium,11522440,59275
33,43,13816,Belgium,11522440,94877
32,23,13334,Belgium,11522440,250882
31,26,12230,Belgium,11522440,406351
30,22,11278,Belgium,11522440,596202
29,14,10386,Belgium,11522440,667395
28,9,9541,Belgium,11522440,623755
27,13,7510,Belgium,11522440,683992
26,22,4087,Belgium,11522440,295774
25,28,2456,Belgium,11522440,296873
24,42,3027,Belgium,11522440,332473
23,50,5282,Belgium,11522440,533312
22,86,9117,Belgium,11522440,402069
21,100,12230,Belgium,11522440,390399
20,130,17298,Belgium,11522440,300528
19,144,14913,Belgium,11522440,286086
18,259,21232,Belgium,11522440,237206
17,260,21022,Belgium,11522440,85255
16,282,24689,Belgium,11522440,27711
15,270,24656,Belgium,11522440,92374
14,292,24438,Belgium,11522440,58704
13,257,30214,Belgium,11522440,67552
12,190,34289,Belgium,11522440,66558
11,182,29615,Belgium,11522440,55918
10,173,21554,Belgium,11522440,46156
41,615,19378,Bulgaria,6951482,12679
40,621,14760,Bulgaria,6951482,15821
39,546,13116,Bulgaria,6951482,17523
38,464,10637,Bulgaria,6951482,22318
37,516,10893,Bulgaria,6951482,25736
36,386,9290,Bulgaria,6951482,22984
35,378,10397,Bulgaria,6951482,25301
34,238,10237,Bulgaria,6951482,26646
33,128,7949,Bulgaria,6951482,25084
32,87,5089,Bulgaria,6951482,22905
31,39,2819,Bulgaria,6951482,23876
30,20,1425,Bulgaria,6951482,24685
29,24,699,Bulgaria,6951482,22977
28,29,484,Bulgaria,6951482,24939
27,56,412,Bulgaria,6951482,27705
26,57,519,Bulgaria,6951482,34509
25,38,510,Bulgaria,6951482,37430
24,91,711,Bulgaria,6951482,50011
23,85,868,Bulgaria,6951482,74469
22,156,1205,Bulgaria,6951482,71960
21,170,1656,Bulgaria,6951482,51134
20,237,2524,Bulgaria,6951482,86335
19,348,4080,Bulgaria,6951482,122734
18,458,5115,Bulgaria,6951482,75801
17,585,7746,Bulgaria,6951482,52229
16,721,11137,Bulgaria,6951482,35428
15,787,14432,Bulgaria,6951482,15286
14,844,19272,Bulgaria,6951482,12376
13,857,24489,Bulgaria,6951482,12663
12,684,25290,Bulgaria,6951482,16990
11,732,24602,Bulgaria,6951482,12807
10,641,18067,Bulgaria,6951482,8361
41,114,9663,Croatia,4058165,13090
40,99,9195,Croatia,4058165,12759
39,84,8701,Croatia,4058165,13485
38,87,7945,Croatia,4058165,14461
37,66,8001,Croatia,4058165,13392
36,65,5809,Croatia,4058165,13578
35,38,4485,Croatia,4058165,15374
34,26,3422,Croatia,4058165,21440
33,16,2668,Croatia,4058165,23461
32,11,1892,Croatia,4058165,26297
31,12,1217,Croatia,4058165,28022
30,14,1119,Croatia,4058165,44434
29,9,1008,Croatia,4058165,60342
28,9,720,Croatia,4058165,57843
27,12,587,Croatia,4058165,98583
26,18,574,Croatia,4058165,135699
25,28,492,Croatia,4058165,129400
24,37,611,Croatia,4058165,172236
23,52,1096,Croatia,4058165,149078
22,78,1453,Croatia,4058165,78058
21,119,2220,Croatia,4058165,89752
20,196,3825,Croatia,4058165,68160
19,263,6081,Croatia,4058165,65894
18,294,9600,Croatia,4058165,60174
17,315,12857,Croatia,4058165,38474
16,292,15147,Croatia,4058165,32376
15,254,15326,Croatia,4058165,35215
14,244,12249,Croatia,4058165,14811
13,153,12749,Croatia,4058165,13135
12,119,9096,Croatia,4058165,9157
11,83,6321,Croatia,4058165,14805
10,85,4364,Croatia,4058165,11281
41,4,993,Cyprus,888005,3052
40,3,855,Cyprus,888005,4341
39,3,726,Cyprus,888005,5295
38,4,826,Cyprus,888005,6010
37,10,1032,Cyprus,888005,5135
36,16,1501,Cyprus,888005,6377
35,12,1363,Cyprus,888005,6896
34,22,1800,Cyprus,888005,11893
33,22,2218,Cyprus,888005,12759
32,22,2969,Cyprus,888005,15977
31,18,3433,Cyprus,888005,18336
30,19,5384,Cyprus,888005,11671
29,18,7305,Cyprus,888005,11312
28,6,8189,Cyprus,888005,15923
27,1,6652,Cyprus,888005,39652
26,1,3290,Cyprus,888005,36176
25,0,1105,Cyprus,888005,27723
24,0,474,Cyprus,888005,30539
23,8,408,Cyprus,888005,29887
22,5,411,Cyprus,888005,36287
21,8,529,Cyprus,888005,48647
20,7,946,Cyprus,888005,52226
19,13,1660,Cyprus,888005,24656
18,20,2912,Cyprus,888005,15208
17,16,4562,Cyprus,888005,9129
16,9,6029,Cyprus,888005,2488
15,18,4445,Cyprus,888005,5692
14,11,3786,Cyprus,888005,5455
13,12,2968,Cyprus,888005,5812
12,8,2357,Cyprus,888005,3924
11,4,2520,Cyprus,888005,4358
10,7,2629,Cyprus,888005,4072
41,39,9175,Czechia,10693939,15683
40,26,5934,Czechia,10693939,18426
39,11,4414,Czechia,10693939,19781
38,15,3178,Czechia,10693939,23584
37,14,2994,Czechia,10693939,29648
36,4,2606,Czechia,10693939,37636
35,3,1689,Czechia,10693939,56836
34,7,1335,Czechia,10693939,117386
33,11,1268,Czechia,10693939,148985
32,2,1300,Czechia,10693939,176357
31,6,1165,Czechia,10693939,187756
30,2,1179,Czechia,10693939,229027
29,4,1374,Czechia,10693939,336863
28,4,1634,Czechia,10693939,392018
27,3,1318,Czechia,10693939,317949
26,4,957,Czechia,10693939,482692
25,11,689,Czechia,10693939,474098
24,15,917,Czechia,10693939,429250
23,27,1471,Czechia,10693939,338063
22,37,2359,Czechia,10693939,288375
21,65,3276,Czechia,10693939,222608
20,105,5052,Czechia,10693939,103157
19,187,7756,Czechia,10693939,37482
18,254,10958,Czechia,10693939,37595
17,352,14707,Czechia,10693939,58970
16,442,17484,Czechia,10693939,83901
15,582,21666,Czechia,10693939,143651
14,842,28315,Czechia,10693939,144929
13,1001,36840,Czechia,10693939,134410
12,1276,50094,Czechia,10693939,85794
11,1452,65916,Czechia,10693939,59230
10,1516,77821,Czechia,10693939,37343
41,11,4704,Denmark,5822763,7606
40,6,3693,Denmark,5822763,8721
39,23,2979,Denmark,5822763,12049
38,15,2291,Denmark,5822763,18429
37,14,2454,Denmark,5822763,22488
36,21,3592,Denmark,5822763,31647
35,13,4996,Denmark,5822763,55126
34,13,6605,Denmark,5822763,100496
33,5,6819,Denmark,5822763,169021
32,7,6962,Denmark,5822763,300485
31,3,6158,Denmark,5822763,249397
30,7,5931,Denmark,5822763,226457
29,0,5417,Denmark,5822763,292268
28,3,6845,Denmark,5822763,286229
27,2,3689,Denmark,5822763,229153
26,6,2156,Denmark,5822763,258033
25,1,1306,Denmark,5822763,196097
24,5,1904,Denmark,5822763,139442
23,7,3923,Denmark,5822763,113640
22,2,6202,Denmark,5822763,107402
21,8,6775,Denmark,5822763,68119
20,6,7120,Denmark,5822763,143006
19,5,7357,Denmark,5822763,173113
18,8,6137,Denmark,5822763,197052
17,15,5035,Denmark,5822763,90874
16,22,5279,Denmark,5822763,73290
15,13,4630,Denmark,5822763,53793
14,11,4383,Denmark,5822763,41749
13,15,5669,Denmark,5822763,39375
12,14,2201,Denmark,5822763,50226
11,9,4930,Denmark,5822763,55972
10,13,5592,Denmark,5822763,53646
41,28,6777,Estonia,1328976,5817
40,31,6261,Estonia,1328976,7329
39,19,4821,Estonia,1328976,8726
38,18,3760,Estonia,1328976,15398
37,14,3069,Estonia,1328976,14402
36,11,2919,Estonia,1328976,13029
35,14,2444,Estonia,1328976,12075
34,6,2537,Estonia,1328976,11601
33,2,1815,Estonia,1328976,10151
32,2,1916,Estonia,1328976,11382
31,5,1391,Estonia,1328976,10271
30,1,1227,Estonia,1328976,13580
29,0,610,Estonia,1328976,20498
28,1,361,Estonia,1328976,20838
27,1,299,Estonia,1328976,26022
26,0,220,Estonia,1328976,36466
25,1,162,Estonia,1328976,22663
24,2,296,Estonia,1328976,51073
23,3,391,Estonia,1328976,45858
22,12,633,Estonia,1328976,30887
21,11,894,Estonia,1328976,30880
20,18,1539,Estonia,1328976,27086
19,21,1927,Estonia,1328976,20446
18,33,2441,Estonia,1328976,35797
17,25,2470,Estonia,1328976,26949
16,51,2661,Estonia,1328976,15383
15,72,3380,Estonia,1328976,11421
14,79,4775,Estonia,1328976,6716
13,81,5769,Estonia,1328976,8665
12,73,8229,Estonia,1328976,4288
11,68,10594,Estonia,1328976,4919
10,66,9804,Estonia,1328976,9231
41,20,4218,Finland,5525292,117359
40,18,3565,Finland,5525292,134034
39,12,3536,Finland,5525292,173345
38,14,2372,Finland,5525292,213700
37,9,3544,Finland,5525292,228705
36,5,3470,Finland,5525292,336043
35,16,3718,Finland,5525292,383078
34,9,3931,Finland,5525292,371373
33,11,4547,Finland,5525292,408308
32,16,6111,Finland,5525292,428472
31,2,4083,Finland,5525292,396626
30,4,4190,Finland,5525292,415348
29,1,2636,Finland,5525292,410407
28,3,2032,Finland,5525292,370176
27,3,1572,Finland,5525292,410224
26,0,1383,Finland,5525292,348089
25,1,720,Finland,5525292,253594
24,2,495,Finland,5525292,237724
23,0,616,Finland,5525292,249862
22,2,789,Finland,5525292,243650
21,4,964,Finland,5525292,219727
20,12,1527,Finland,5525292,191265
19,15,1317,Finland,5525292,143638
18,4,1465,Finland,5525292,77757
17,12,1752,Finland,5525292,35018
16,8,1711,Finland,5525292,60358
15,16,1926,Finland,5525292,61180
14,8,2613,Finland,5525292,13011
13,14,3549,Finland,5525292,2612
12,25,4422,Finland,5525292,2011
11,20,5117,Finland,5525292,2416
10,28,4454,Finland,5525292,1822
41,216,32754,France,67320216,517636
40,255,29205,France,67320216,636436
39,340,33702,France,67320216,773996
38,447,40094,France,67320216,1014938
37,514,52127,France,67320216,1317612
36,632,71350,France,67320216,1850578
35,699,97184,France,67320216,2778678
34,829,126547,France,67320216,3444530
33,670,152448,France,67320216,3371548
32,436,165155,France,67320216,2732716
31,324,157689,France,67320216,2398220
30,260,149249,France,67320216,2963358
29,142,122572,France,67320216,4425008
28,146,46815,France,67320216,4940658
27,169,24729,France,67320216,5320344
26,201,15211,France,67320216,5833178
25,227,12947,France,67320216,5524716
24,346,17686,France,67320216,4578134
23,405,30127,France,67320216,3522546
22,615,50111,France,67320216,2974572
21,832,63610,France,67320216,2141600
20,991,93642,France,67320216,1753286
19,1258,88853,France,67320216,2118604
18,1571,109696,France,67320216,2456200
17,1993,132745,France,67320216,1995380
16,2120,179802,France,67320216,1998740
15,2020,201485,France,67320216,1636826
14,2109,205522,France,67320216,1178294
13,2001,243954,France,67320216,913996
12,2325,230460,France,67320216,454638
11,1852,189357,France,67320216,414414
10,1845,148011,France,67320216,599634
41,416,63516,Germany,83166711,395167
40,416,57973,Germany,83166711,426431
39,393,55922,Germany,83166711,494459
38,435,54262,Germany,83166711,664152
37,352,64476,Germany,83166711,686304
36,260,71999,Germany,83166711,649188
35,216,73094,Germany,83166711,728054
34,154,64350,Germany,83166711,935265
33,109,47184,Germany,83166711,1277838
32,85,30247,Germany,83166711,1873801
31,123,19504,Germany,83166711,2042624
30,135,15364,Germany,83166711,2317053
29,162,11217,Germany,83166711,2494741
28,131,8516,Germany,83166711,2990792
27,201,5253,Germany,83166711,2952491
26,276,4202,Germany,83166711,2767096
25,369,4729,Germany,83166711,3328097
24,551,7012,Germany,83166711,3625534
23,612,14602,Germany,83166711,3671653
22,816,21219,Germany,83166711,2761728
21,1026,30190,Germany,83166711,2594717
20,1284,55524,Germany,83166711,2378918
19,1321,73105,Germany,83166711,1496564
18,1583,103507,Germany,83166711,1211304
17,1628,129404,Germany,83166711,701353
16,1650,145156,Germany,83166711,442621
15,1561,143994,Germany,83166711,473744
14,1390,112882,Germany,83166711,553735
13,1093,112985,Germany,83166711,557265
12,1206,112885,Germany,83166711,535204
11,1293,90271,Germany,83166711,458760
10,1471,69063,Germany,83166711,390727
41,243,16718,Greece,10718565,39887
40,216,15313,Greece,10718565,61705
39,234,15297,Greece,10718565,70720
38,222,15371,Greece,10718565,82331
37,292,15660,Greece,10718565,62792
36,298,15171,Greece,10718565,41835
35,244,18933,Greece,10718565,38144
34,248,22495,Greece,10718565,69077
33,145,22002,Greece,10718565,89114
32,148,22895,Greece,10718565,121872
31,93,19038,Greece,10718565,183263
30,75,18938,Greece,10718565,268825
29,50,18612,Greece,10718565,271352
28,53,18409,Greece,10718565,303919
27,56,11998,Greece,10718565,263410
26,85,4677,Greece,10718565,351445
25,112,2575,Greece,10718565,389632
24,129,3459,Greece,10718565,393477
23,152,5847,Greece,10718565,404059
22,229,8394,Greece,10718565,274007
21,290,11466,Greece,10718565,189343
20,369,13098,Greece,10718565,191863
19,387,15254,Greece,10718565,322131
18,525,14155,Greece,10718565,252859
17,503,14692,Greece,10718565,127042
16,553,18286,Greece,10718565,46629
15,564,19681,Greece,10718565,36292
14,531,20304,Greece,10718565,74645
13,476,20869,Greece,10718565,110150
12,405,18079,Greece,10718565,88754
11,383,14990,Greece,10718565,51814
10,333,15543,Greece,10718565,40764
41,76,5705,Hungary,9769526,13200
40,76,4026,Hungary,9769526,17935
39,48,3306,Hungary,9769526,17669
38,28,2919,Hungary,9769526,18954
37,37,2427,Hungary,9769526,16872
36,25,1692,Hungary,9769526,16220
35,4,1334,Hungary,9769526,17727
34,11,925,Hungary,9769526,17337
33,8,465,Hungary,9769526,12606
32,5,461,Hungary,9769526,17336
31,7,364,Hungary,9769526,18949
30,6,390,Hungary,9769526,44217
29,5,376,Hungary,9769526,46392
28,11,288,Hungary,9769526,84840
27,12,240,Hungary,9769526,116703
26,12,287,Hungary,9769526,177294
25,30,482,Hungary,9769526,318646
24,46,638,Hungary,9769526,204865
23,50,782,Hungary,9769526,197557
22,126,1626,Hungary,9769526,360230
21,209,2294,Hungary,9769526,575540
20,344,3941,Hungary,9769526,252874
19,573,6438,Hungary,9769526,202637
18,800,8817,Hungary,9769526,414973
17,1177,13374,Hungary,9769526,410325
16,1441,19010,Hungary,9769526,269258
15,1767,30344,Hungary,9769526,169378
14,1702,34185,Hungary,9769526,296843
13,1743,52118,Hungary,9769526,219935
12,1710,62265,Hungary,9769526,204130
11,1310,55106,Hungary,9769526,78791
10,1079,50473,Hungary,9769526,86102
41,0,308,Iceland,364134,227
40,0,308,Iceland,364134,216
39,0,207,Iceland,364134,286
38,0,228,Iceland,364134,314
37,0,170,Iceland,364134,418
36,0,224,Iceland,364134,495
35,1,405,Iceland,364134,453
34,2,552,Iceland,364134,510
33,0,595,Iceland,364134,1594
32,0,720,Iceland,364134,383
31,0,779,Iceland,364134,573
30,0,811,Iceland,364134,530
29,0,430,Iceland,364134,766
28,0,43,Iceland,364134,9522
27,0,21,Iceland,364134,11108
26,0,17,Iceland,364134,46904
25,0,10,Iceland,364134,11476
24,0,11,Iceland,364134,14246
23,0,12,Iceland,364134,16219
22,0,28,Iceland,364134,8040
21,1,20,Iceland,364134,11038
20,0,19,Iceland,364134,11574
19,0,31,Iceland,364134,9402
18,0,34,Iceland,364134,11438
17,0,82,Iceland,364134,3186
16,0,104,Iceland,364134,3077
15,0,28,Iceland,364134,1670
14,0,33,Iceland,364134,3715
13,0,62,Iceland,364134,3624
12,0,66,Iceland,364134,5694
11,0,25,Iceland,364134,2181
10,0,13,Iceland,364134,12725
41,26,11961,Ireland,4964440,7052
40,31,9198,Ireland,4964440,9100
39,40,9357,Ireland,4964440,13012
38,30,9075,Ireland,4964440,16730
37,24,8830,Ireland,4964440,21273
36,43,9674,Ireland,4964440,24450
35,20,10575,Ireland,4964440,46734
34,18,11516,Ireland,4964440,78155
33,15,12812,Ireland,4964440,133497
32,15,11476,Ireland,4964440,153128
31,9,9448,Ireland,4964440,130887
30,9,8996,Ireland,4964440,136712
29,8,8478,Ireland,4964440,118551
28,12,5638,Ireland,4964440,192466
27,6,3483,Ireland,4964440,252804
26,11,2858,Ireland,4964440,243636
25,48,2122,Ireland,4964440,268040
24,0,2124,Ireland,4964440,270421
23,0,2201,Ireland,4964440,139373
22,0,2812,Ireland,4964440,107422
21,0,2814,Ireland,4964440,125752
20,0,2770,Ireland,4964440,91296
19,22,3251,Ireland,4964440,106115
18,13,2870,Ireland,4964440,57690
17,34,3234,Ireland,4964440,51112
16,37,2957,Ireland,4964440,50473
15,52,2622,Ireland,4964440,42955
14,68,2947,Ireland,4964440,42945
13,62,3759,Ireland,4964440,51909
12,68,4139,Ireland,4964440,44673
11,51,3454,Ireland,4964440,20901
10,115,3676,Ireland,4964440,11964
41,243,17426,Italy,59641488,963496
40,276,18971,Italy,59641488,777354
39,345,21852,Italy,59641488,962524
38,369,24940,Italy,59641488,1383984
37,399,30526,Italy,59641488,1379170
36,419,35623,Italy,59641488,1784998
35,410,41834,Italy,59641488,1828410
34,328,45601,Italy,59641488,1750610
33,315,43683,Italy,59641488,1270308
32,204,44324,Italy,59641488,1732958
31,146,40656,Italy,59641488,3252328
30,121,37355,Italy,59641488,4435550
29,78,28341,Italy,59641488,5544619
28,96,14447,Italy,59641488,6256043
27,131,7374,Italy,59641488,5714918
26,179,5222,Italy,59641488,4454890
25,205,5194,Italy,59641488,3952310
24,277,8613,Italy,59641488,3337486
23,504,13329,Italy,59641488,1546382
22,470,17098,Italy,59641488,1594784
21,849,24865,Italy,59641488,3030344
20,1090,34816,Italy,59641488,2783548
19,1369,50453,Italy,59641488,2284503
18,1661,67304,Italy,59641488,2147070
17,2012,86100,Italy,59641488,1919334
16,2345,92074,Italy,59641488,1457112
15,2753,103366,Italy,59641488,1088066
14,3219,103830,Italy,59641488,959098
13,3068,137794,Italy,59641488,962218
12,2994,156122,Italy,59641488,984130
11,2761,154493,Italy,59641488,975572
10,2303,155076,Italy,59641488,704768
41,87,13322,Latvia,1907675,11639
40,63,9309,Latvia,1907675,12391
39,49,6389,Latvia,1907675,12271
38,42,4063,Latvia,1907675,12907
37,33,3356,Latvia,1907675,13066
36,23,2640,Latvia,1907675,12008
35,11,2037,Latvia,1907675,12768
34,5,1179,Latvia,1907675,12333
33,7,895,Latvia,1907675,12657
32,2,702,Latvia,1907675,11767
31,3,484,Latvia,1907675,9934
30,6,438,Latvia,1907675,13550
29,7,299,Latvia,1907675,12935
28,7,263,Latvia,1907675,7977
27,10,263,Latvia,1907675,24899
26,23,431,Latvia,1907675,46935
25,10,433,Latvia,1907675,20569
24,42,796,Latvia,1907675,50305
23,44,1263,Latvia,1907675,58646
22,37,1759,Latvia,1907675,79912
21,47,2206,Latvia,1907675,71406
20,66,3115,Latvia,1907675,55206
19,49,4266,Latvia,1907675,39550
18,69,3961,Latvia,1907675,27044
17,38,4415,Latvia,1907675,15455
16,53,3958,Latvia,1907675,10890
15,62,3757,Latvia,1907675,1878
14,63,3373,Latvia,1907675,1549
13,51,3151,Latvia,1907675,3148
12,51,3567,Latvia,1907675,3017
11,64,3665,Latvia,1907675,860
10,70,3475,Latvia,1907675,136
41,0,29,Liechtenstein,38747,130
40,0,11,Liechtenstein,38747,14
39,0,11,Liechtenstein,38747,13
38,0,24,Liechtenstein,38747,984
37,0,35,Liechtenstein,38747,833
36,1,58,Liechtenstein,38747,449
35,0,59,Liechtenstein,38747,0
34,0,40,Liechtenstein,38747,57
33,0,68,Liechtenstein,38747,397
32,0,54,Liechtenstein,38747,1190
31,0,16,Liechtenstein,38747,0
30,0,10,Liechtenstein,38747,0
29,0,11,Liechtenstein,38747,605
28,0,7,Liechtenstein,38747,1915
27,0,12,Liechtenstein,38747,2150
26,0,13,Liechtenstein,38747,1625
25,0,4,Liechtenstein,38747,1128
24,0,2,Liechtenstein,38747,841
23,1,4,Liechtenstein,38747,632
22,0,14,Liechtenstein,38747,1088
21,0,8,Liechtenstein,38747,1058
20,0,15,Liechtenstein,38747,262
19,0,15,Liechtenstein,38747,1367
18,1,30,Liechtenstein,38747,254
17,0,56,Liechtenstein,38747,478
16,1,71,Liechtenstein,38747,721
15,0,60,Liechtenstein,38747,54
14,0,68,Liechtenstein,38747,645
13,0,27,Liechtenstein,38747,532
12,0,30,Liechtenstein,38747,399
11,1,16,Liechtenstein,38747,515
10,1,22,Liechtenstein,38747,1
41,208,16702,Lithuania,2794090,21426
40,168,14523,Lithuania,2794090,28942
39,150,11810,Lithuania,2794090,31872
38,120,9657,Lithuania,2794090,33592
37,105,7485,Lithuania,2794090,42454
36,81,5840,Lithuania,2794090,52250
35,68,4847,Lithuania,2794090,60224
34,52,4010,Lithuania,2794090,75516
33,41,3957,Lithuania,2794090,95206
32,19,3707,Lithuania,2794090,63036
31,11,3087,Lithuania,2794090,47422
30,6,2050,Lithuania,2794090,59620
29,6,1221,Lithuania,2794090,46986
28,6,553,Lithuania,2794090,55014
27,8,304,Lithuania,2794090,81328
26,10,214,Lithuania,2794090,165460
25,14,295,Lithuania,2794090,197344
24,27,633,Lithuania,2794090,195750
23,32,1293,Lithuania,2794090,152878
22,50,2254,Lithuania,2794090,177754
21,84,3823,Lithuania,2794090,122622
20,85,5652,Lithuania,2794090,141178
19,64,7818,Lithuania,2794090,117110
18,87,8251,Lithuania,2794090,157022
17,96,8133,Lithuania,2794090,119384
16,90,7693,Lithuania,2794090,74926
15,80,7521,Lithuania,2794090,40586
14,69,6430,Lithuania,2794090,26016
13,63,5431,Lithuania,2794090,51714
12,75,4797,Lithuania,2794090,52544
11,75,3696,Lithuania,2794090,51542
10,68,3155,Lithuania,2794090,27184
41,3,702,Luxembourg,626108,1544
40,1,692,Luxembourg,626108,1689
39,0,564,Luxembourg,626108,1677
38,1,573,Luxembourg,626108,1786
37,0,557,Luxembourg,626108,1751
36,4,530,Luxembourg,626108,1991
35,0,585,Luxembourg,626108,2595
34,0,532,Luxembourg,626108,2525
33,2,390,Luxembourg,626108,2985
32,4,383,Luxembourg,626108,4336
31,2,342,Luxembourg,626108,11874
30,1,458,Luxembourg,626108,21456
29,1,653,Luxembourg,626108,25439
28,1,749,Luxembourg,626108,24643
27,1,979,Luxembourg,626108,16097
26,0,431,Luxembourg,626108,27879
25,0,84,Luxembourg,626108,8376
24,0,110,Luxembourg,626108,18572
23,0,224,Luxembourg,626108,32346
22,4,293,Luxembourg,626108,20820
21,3,282,Luxembourg,626108,18448
20,5,685,Luxembourg,626108,13388
19,4,631,Luxembourg,626108,18912
18,5,894,Luxembourg,626108,13641
17,7,1195,Luxembourg,626108,2839
16,5,1249,Luxembourg,626108,1804
15,17,1303,Luxembourg,626108,11602
14,18,1545,Luxembourg,626108,9413
13,12,1350,Luxembourg,626108,4059
12,24,1800,Luxembourg,626108,2409
11,26,1255,Luxembourg,626108,2194
10,31,1194,Luxembourg,626108,999
41,0,122,Malta,514564,758
40,0,136,Malta,514564,946
39,2,110,Malta,514564,969
38,4,125,Malta,514564,1386
37,6,244,Malta,514564,1013
36,5,282,Malta,514564,628
35,2,405,Malta,514564,328
34,4,318,Malta,514564,520
33,6,435,Malta,514564,1879
32,6,491,Malta,514564,2889
31,1,471,Malta,514564,4771
30,2,707,Malta,514564,3128
29,1,1198,Malta,514564,4812
28,0,1409,Malta,514564,3462
27,0,395,Malta,514564,10880
26,0,46,Malta,514564,22506
25,0,17,Malta,514564,19302
24,1,8,Malta,514564,19905
23,0,10,Malta,514564,22633
22,0,38,Malta,514564,22718
21,2,29,Malta,514564,34627
20,0,24,Malta,514564,34718
19,0,33,Malta,514564,24354
18,2,128,Malta,514564,8920
17,3,145,Malta,514564,9840
16,3,208,Malta,514564,17160
15,7,352,Malta,514564,18282
14,5,391,Malta,514564,11800
13,12,348,Malta,514564,7567
12,16,747,Malta,514564,5836
11,19,1593,Malta,514564,6945
10,21,2128,Malta,514564,6044
41,38,22635,Netherlands,17407585,40003
40,23,15007,Netherlands,17407585,40242
39,32,11544,Netherlands,17407585,40822
38,38,11681,Netherlands,17407585,48946
37,43,14453,Netherlands,17407585,54053
36,33,16979,Netherlands,17407585,53344
35,41,17614,Netherlands,17407585,81720
34,48,17981,Netherlands,17407585,97571
33,41,16719,Netherlands,17407585,121326
32,39,16160,Netherlands,17407585,536645
31,40,18049,Netherlands,17407585,698240
30,31,26691,Netherlands,17407585,641209
29,21,50554,Netherlands,17407585,654874
28,10,69231,Netherlands,17407585,874412
27,9,31007,Netherlands,17407585,417329
26,16,5114,Netherlands,17407585,533818
25,15,4539,Netherlands,17407585,616038
24,19,6625,Netherlands,17407585,672642
23,34,10426,Netherlands,17407585,640982
22,57,16955,Netherlands,17407585,601834
21,80,21932,Netherlands,17407585,518006
20,101,29082,Netherlands,17407585,521106
19,117,40391,Netherlands,17407585,315954
18,153,51287,Netherlands,17407585,273555
17,131,49032,Netherlands,17407585,92618
16,133,57850,Netherlands,17407585,118188
15,149,52799,Netherlands,17407585,91133
14,152,47204,Netherlands,17407585,128984
13,158,50365,Netherlands,17407585,109535
12,188,50462,Netherlands,17407585,98599
11,216,43386,Netherlands,17407585,127548
10,241,35584,Netherlands,17407585,87627
41,13,2801,Norway,5367580,15138
40,10,3156,Norway,5367580,26048
39,11,4100,Norway,5367580,46612
38,9,4900,Norway,5367580,58204
37,14,7083,Norway,5367580,87638
36,5,9981,Norway,5367580,164977
35,8,9835,Norway,5367580,283021
34,3,6471,Norway,5367580,430813
33,3,3850,Norway,5367580,343102
32,4,3428,Norway,5367580,263667
31,5,2652,Norway,5367580,141618
30,0,1893,Norway,5367580,76083
29,3,1358,Norway,5367580,61797
28,0,1081,Norway,5367580,80384
27,2,1287,Norway,5367580,25671
26,2,1238,Norway,5367580,23572
25,2,1372,Norway,5367580,82660
24,1,1222,Norway,5367580,100518
23,5,1507,Norway,5367580,161436
22,1,2140,Norway,5367580,180177
21,2,3275,Norway,5367580,226652
20,7,2479,Norway,5367580,199089
19,7,2865,Norway,5367580,111486
18,11,2870,Norway,5367580,106663
17,20,2959,Norway,5367580,62319
16,28,3358,Norway,5367580,8609
15,24,4264,Norway,5367580,4846
14,11,5189,Norway,5367580,12029
13,17,5836,Norway,5367580,15124
12,8,6381,Norway,5367580,9160
11,9,6513,Norway,5367580,6035
10,7,4547,Norway,5367580,48835
41,247,16195,Poland,37958138,98428
40,175,11098,Poland,37958138,106962
39,118,7185,Poland,37958138,128046
38,84,5196,Poland,37958138,140680
37,62,4222,Poland,37958138,156152
36,46,3012,Poland,37958138,179238
35,39,2133,Poland,37958138,230616
34,24,1515,Poland,37958138,282984
33,17,1328,Poland,37958138,314330
32,14,1209,Poland,37958138,328774
31,24,1037,Poland,37958138,468364
30,20,873,Poland,37958138,696852
29,29,711,Poland,37958138,1096636
28,53,600,Poland,37958138,1690632
27,76,540,Poland,37958138,2146234
26,109,646,Poland,37958138,2087852
25,151,935,Poland,37958138,2703986
24,261,1391,Poland,37958138,2755768
23,423,2419,Poland,37958138,2952782
22,457,3453,Poland,37958138,2506720
21,800,6825,Poland,37958138,2154582
20,1273,12635,Poland,37958138,1730304
19,1743,22715,Poland,37958138,1659682
18,1942,30579,Poland,37958138,1073656
17,2702,46985,Poland,37958138,797990
16,3397,75758,Poland,37958138,564208
15,3649,122976,Poland,37958138,376140
14,3439,137314,Poland,37958138,63262
13,2984,193859,Poland,37958138,161680
12,2594,185025,Poland,37958138,417764
11,2091,147340,Poland,37958138,354914
10,1909,108015,Poland,37958138,346352
41,54,4528,Portugal,10295909,66747
40,48,4148,Portugal,10295909,73686
39,34,4319,Portugal,10295909,96643
38,50,4975,Portugal,10295909,161700
37,49,6698,Portugal,10295909,383165
36,68,8816,Portugal,10295909,451753
35,74,12692,Portugal,10295909,459371
34,81,15857,Portugal,10295909,192484
33,81,16190,Portugal,10295909,258385
32,92,16133,Portugal,10295909,421201
31,96,16354,Portugal,10295909,782669
30,97,21593,Portugal,10295909,795747
29,65,19614,Portugal,10295909,783948
28,51,21773,Portugal,10295909,811619
27,36,18604,Portugal,10295909,1166198
26,29,13996,Portugal,10295909,812965
25,21,8942,Portugal,10295909,603446
24,17,7369,Portugal,10295909,708268
23,13,4706,Portugal,10295909,446907
22,9,3821,Portugal,10295909,566610
21,6,3402,Portugal,10295909,560727
20,11,2963,Portugal,10295909,393992
19,15,2590,Portugal,10295909,577271
18,15,2311,Portugal,10295909,415935
17,17,2983,Portugal,10295909,178559
16,17,3404,Portugal,10295909,279361
15,32,3632,Portugal,10295909,109848
14,35,3786,Portugal,10295909,107657
13,48,3100,Portugal,10295909,170378
12,65,2962,Portugal,10295909,44385
11,93,3364,Portugal,10295909,221013
10,157,4304,Portugal,10295909,104402
41,2273,99474,Romania,19328838,34079
40,1815,89095,Romania,19328838,20479
39,1164,69372,Romania,19328838,15500
38,774,42880,Romania,19328838,15523
37,495,26344,Romania,19328838,15131
36,283,13783,Romania,19328838,14212
35,169,8881,Romania,19328838,16780
34,106,5477,Romania,19328838,21905
33,61,3508,Romania,19328838,23179
32,29,2189,Romania,19328838,25118
31,32,1522,Romania,19328838,24109
30,14,1006,Romania,19328838,28247
29,15,595,Romania,19328838,29721
28,36,378,Romania,19328838,31500
27,291,292,Romania,19328838,38268
26,748,334,Romania,19328838,58350
25,869,381,Romania,19328838,87489
24,504,546,Romania,19328838,116701
23,1079,915,Romania,19328838,174894
22,478,1316,Romania,19328838,281728
21,362,2190,Romania,19328838,321622
20,400,3902,Romania,19328838,377301
19,582,6080,Romania,19328838,445664
18,709,8682,Romania,19328838,382063
17,927,11850,Romania,19328838,191325
16,1195,17683,Romania,19328838,189661
15,1066,24174,Romania,19328838,192380
14,1033,32641,Romania,19328838,216048
13,976,38045,Romania,19328838,222735
12,865,39331,Romania,19328838,200048
11,693,37522,Romania,19328838,61745
10,585,30331,Romania,19328838,60947
41,115,15203,Slovakia,5457873,8386
40,63,12735,Slovakia,5457873,8478
39,72,10219,Slovakia,5457873,10367
38,27,7765,Slovakia,5457873,14421
37,11,5768,Slovakia,5457873,16547
36,9,3728,Slovakia,5457873,19504
35,1,1995,Slovakia,5457873,20527
34,1,1010,Slovakia,5457873,24196
33,3,810,Slovakia,5457873,28411
32,3,652,Slovakia,5457873,43589
31,1,476,Slovakia,5457873,50645
30,6,475,Slovakia,5457873,55969
29,10,343,Slovakia,5457873,53490
28,5,255,Slovakia,5457873,79379
27,6,282,Slovakia,5457873,105295
26,8,319,Slovakia,5457873,147577
25,13,487,Slovakia,5457873,189514
24,53,640,Slovakia,5457873,189887
23,35,1181,Slovakia,5457873,174340
22,65,1677,Slovakia,5457873,138426
21,47,2104,Slovakia,5457873,99881
20,68,2880,Slovakia,5457873,84465
19,205,4321,Slovakia,5457873,81493
18,253,5297,Slovakia,5457873,79118
17,271,7314,Slovakia,5457873,80337
16,389,8897,Slovakia,5457873,82622
15,541,10451,Slovakia,5457873,58067
14,540,12590,Slovakia,5457873,25658
13,529,16390,Slovakia,5457873,7375
12,452,20531,Slovakia,5457873,17657
11,516,25164,Slovakia,5457873,24800
10,692,30724,Slovakia,5457873,37445
41,31,6674,Slovenia,2095861,20469
40,29,5593,Slovenia,2095861,32839
39,48,6191,Slovenia,2095861,15301
38,44,6189,Slovenia,2095861,11355
37,32,7305,Slovenia,2095861,14632
36,18,5872,Slovenia,2095861,12666
35,8,3790,Slovenia,2095861,11774
34,10,2969,Slovenia,2095861,14645
33,8,2108,Slovenia,2095861,16157
32,0,1321,Slovenia,2095861,16311
31,1,833,Slovenia,2095861,16889
30,1,621,Slovenia,2095861,15108
29,1,461,Slovenia,2095861,14788
28,1,379,Slovenia,2095861,20982
27,7,383,Slovenia,2095861,35422
26,0,180,Slovenia,2095861,52327
25,8,259,Slovenia,2095861,49890
24,10,534,Slovenia,2095861,40956
23,19,1066,Slovenia,2095861,63846
22,14,1745,Slovenia,2095861,69385
21,16,1947,Slovenia,2095861,64463
20,23,2379,Slovenia,2095861,40294
19,30,3224,Slovenia,2095861,27032
18,31,4341,Slovenia,2095861,38607
17,53,4659,Slovenia,2095861,41647
16,54,4886,Slovenia,2095861,30382
15,42,5579,Slovenia,2095861,24329
14,43,6365,Slovenia,2095861,2920
13,62,7473,Slovenia,2095861,6514
12,54,6657,Slovenia,2095861,8374
11,45,5709,Slovenia,2095861,19931
10,45,4879,Slovenia,2095861,21206
41,196,10767,Spain,47332614,73065
40,315,12491,Spain,47332614,97729
39,234,14527,Spain,47332614,150542
38,446,17055,Spain,47332614,189885
37,493,22085,Spain,47332614,238218
36,495,29706,Spain,47332614,375316
35,795,45946,Spain,47332614,752768
34,864,61356,Spain,47332614,926378
33,666,76913,Spain,47332614,1093198
32,464,105408,Spain,47332614,1035506
31,520,141088,Spain,47332614,1038259
30,265,166615,Spain,47332614,1180214
29,125,180207,Spain,47332614,1605416
28,93,163030,Spain,47332614,1892405
27,92,103324,Spain,47332614,2293761
26,132,51405,Spain,47332614,2284612
25,127,25021,Spain,47332614,2116830
24,151,23842,Spain,47332614,1460835
23,305,35613,Spain,47332614,1564503
22,291,29329,Spain,47332614,1429074
21,285,32205,Spain,47332614,988359
20,281,31654,Spain,47332614,860096
19,547,37391,Spain,47332614,963029
18,576,43331,Spain,47332614,1062366
17,625,55460,Spain,47332614,1059839
16,610,61334,Spain,47332614,513068
15,653,59771,Spain,47332614,301724
14,630,46547,Spain,47332614,239302
13,688,45641,Spain,47332614,259437
12,2100,42992,Spain,47332614,470915
11,652,28628,Spain,47332614,440617
10,1120,34692,Spain,47332614,314273
41,18,4062,Sweden,10327589,98760
40,42,4141,Sweden,10327589,114744
39,37,4241,Sweden,10327589,154292
38,40,4298,Sweden,10327589,186209
37,52,6266,Sweden,10327589,272906
36,49,7972,Sweden,10327589,381498
35,26,7236,Sweden,10327589,567790
34,20,6688,Sweden,10327589,755482
33,9,6466,Sweden,10327589,816872
32,6,5820,Sweden,10327589,669955
31,7,4608,Sweden,10327589,588988
30,3,3459,Sweden,10327589,517456
29,3,2662,Sweden,10327589,409300
28,2,1881,Sweden,10327589,319368
27,3,1514,Sweden,10327589,420026
26,8,1869,Sweden,10327589,643056
25,9,1982,Sweden,10327589,696832
24,17,2848,Sweden,10327589,938580
23,22,4394,Sweden,10327589,822624
22,39,9094,Sweden,10327589,736854
21,47,7974,Sweden,10327589,577662
20,69,18169,Sweden,10327589,410564
19,111,25916,Sweden,10327589,295706
18,105,33680,Sweden,10327589,231854
17,114,35306,Sweden,10327589,55582
16,131,36032,Sweden,10327589,76984
15,140,41038,Sweden,10327589,133727
14,133,41147,Sweden,10327589,188351
13,141,38386,Sweden,10327589,137003
12,125,37881,Sweden,10327589,139351
11,127,33033,Sweden,10327589,111146
10,140,28555,Sweden,10327589,78927
